{"beforeL1": 0.14609408990585349, "lockdown1": 0.1524563983736298, "betweenL1L2": 0.13643407207492406, "lockdown2": 0.1181853718957126, "betweenL2L3": 0.11466178834630358, "lockdown3": 0.11945262623739109, "betweenL3L4": 0.10225633590834814, "lockdown4": 0.08837815271065538, "betweenL4L5": 0.09260626798319663, "lockdown5": 0.07414782717811112, "afterL5": 0.09533780732221105}