{"Twitter": {"0": 0.04150901238784389, "1": 0.03557395520458615, "2": 0.0297199728048364, "3": 0.024650564491159977, "4": 0.021489286318470687, "5": 0.022598797922698068, "6": 0.028340424716956438, "7": 0.03876587581513673, "8": 0.04624199226916828, "9": 0.04723787149966006, "10": 0.04746449786300915, "11": 0.04768410200101503, "12": 0.04762600904590301, "13": 0.04744406957110163, "14": 0.04768729392162558, "15": 0.04741342713324034, "16": 0.04751620697690007, "17": 0.04772368181658586, "18": 0.04764516056956632, "19": 0.047331075581488136, "20": 0.04741534228560667, "21": 0.04748556453903879, "22": 0.04732788366087759, "23": 0.04610793160352516}, "afterlockdown": {"0": 0.04221286496934106, "1": 0.038480252679500435, "2": 0.03301181572983766, "3": 0.028159588116251428, "4": 0.024576819080265475, "5": 0.02558278923957074, "6": 0.03157651939375777, "7": 0.04054606922421602, "8": 0.045367991460618165, "9": 0.0458166794061493, "10": 0.0460330261266024, "11": 0.04631924357778548, "12": 0.046324294473982834, "13": 0.04596062994777373, "14": 0.046305774521259224, "15": 0.045995144405122285, "16": 0.04606080605568781, "17": 0.04635039077100247, "18": 0.04628641275250272, "19": 0.04589075921704375, "20": 0.046001878933385414, "21": 0.04611889136195732, "22": 0.04592274822629362, "23": 0.0450986103300929}, "beforelockdown": {"0": 0.03930027182886141, "1": 0.026453782489360634, "2": 0.01938993044456831, "3": 0.01363899330862482, "4": 0.011800384100257036, "5": 0.013234816284371557, "6": 0.01818532441149976, "7": 0.033179499507326696, "8": 0.04898467033155724, "9": 0.05169767558585856, "10": 0.05195656021577241, "11": 0.051967126935360736, "12": 0.05171088398534396, "13": 0.052099210930214745, "14": 0.05202260221319942, "15": 0.05186410141937461, "16": 0.05208336085083226, "17": 0.05203316893278774, "18": 0.05190900997762497, "19": 0.05185089301988921, "20": 0.05185089301988921, "21": 0.05177428430287388, "22": 0.05173730078431476, "23": 0.04927525512023606}, "steam_count": {"0": 0.05033454914873334, "1": 0.04832151996993732, "2": 0.04767113333770528, "3": 0.04721600609997435, "4": 0.04554496212397788, "5": 0.042168068705598874, "6": 0.03797916113882898, "7": 0.03448081067554728, "8": 0.03341112894481962, "9": 0.0340651639710497, "10": 0.03518212205795232, "11": 0.03513277372081821, "12": 0.03444046620296189, "13": 0.034454493787083616, "14": 0.03491662289897615, "15": 0.03604038480622352, "16": 0.03738302196708449, "17": 0.03846493492948132, "18": 0.03973470432073518, "19": 0.04306888810524777, "20": 0.04828037179756345, "21": 0.05305519406195549, "22": 0.05502448433376692, "23": 0.05362903289397706}, "ins_count": {"0": 0.02440293213525656, "1": 0.02160321589028139, "2": 0.018727831638685268, "3": 0.018836604398202884, "4": 0.020425632537242847, "5": 0.024625206904705606, "6": 0.028645069756443604, "7": 0.03139749349728068, "8": 0.033743201702530146, "9": 0.038117758335303856, "10": 0.04223220619531804, "11": 0.04513123669898321, "12": 0.04487112792622369, "13": 0.04845117048947742, "14": 0.05468432253487822, "15": 0.06349491605580515, "16": 0.06591629226767558, "17": 0.06988886261527548, "18": 0.0688909907779617, "19": 0.06520690470560417, "20": 0.056098368408607234, "21": 0.04657365807519508, "22": 0.03783400331047529, "23": 0.0302009931425869}, "flickr": {"0": 0.0020850330885685796, "1": 0.0002719608376393799, "2": 0.0005439216752787598, "3": 0.0, "4": 0.0003626144501858399, "5": 0.0009065361254645998, "6": 0.003354183664219019, "7": 0.010787779893028737, "8": 0.018946605022210135, "9": 0.028102619889402592, "10": 0.04142870093373221, "11": 0.06010334511830297, "12": 0.07741818511467682, "13": 0.0935545281479467, "14": 0.1449551264617895, "15": 0.18937539660955488, "16": 0.1277309400779621, "17": 0.09409844982322546, "18": 0.04052216480826761, "19": 0.03245399329163267, "20": 0.012691505756504396, "21": 0.010062550992657057, "22": 0.007252289003716798, "23": 0.002991569214033179}}