{"beach_score":{"restaurant":0.0534814059,"beach":0.4679002295,"park":0.0409788393,"stadium":0.080479167,"uni":0.0662576108,"hospital":0.042393517},"food_score":{"restaurant":0.1603274848,"beach":0.1469079159,"park":0.0716274613,"stadium":0.092750492,"uni":0.1168471667,"hospital":0.0936407289},"sport_score":{"restaurant":0.0381913942,"beach":0.0683195043,"park":0.0358438655,"stadium":0.0876616059,"uni":0.0494260982,"hospital":0.0391987844},"school_score":{"restaurant":0.0133827172,"beach":0.0081033432,"park":0.0210446538,"stadium":0.0164598049,"uni":0.0211924278,"hospital":0.0069349073},"hospital_score":{"restaurant":0.0575215461,"beach":0.0101296283,"park":0.057355609,"stadium":0.0209877532,"uni":0.0395626849,"hospital":0.1780138114},"park_score":{"restaurant":0.0503869987,"beach":0.0786270503,"park":0.2161932486,"stadium":0.1071791797,"uni":0.048845053,"hospital":0.0712289006}}