{"dataList":{"0":{"total":0.0290697674,"max":0.0139880952,"avg":0.0227272727},"1":{"total":0.0162790698,"max":0.0096230159,"avg":0.0151515152},"2":{"total":0.0127906977,"max":0.0112103175,"avg":0.0101010101},"3":{"total":0.0069767442,"max":0.0067460317,"avg":0.0101010101},"4":{"total":0.0046511628,"max":0.0051587302,"avg":0.0101010101},"5":{"total":0.0058139535,"max":0.0081349206,"avg":0.0126262626},"6":{"total":0.0127906977,"max":0.0126984127,"avg":0.0252525253},"7":{"total":0.0406976744,"max":0.0201388889,"avg":0.0378787879},"8":{"total":0.0441860465,"max":0.024702381,"avg":0.0454545455},"9":{"total":0.0523255814,"max":0.1737103175,"avg":0.0505050505},"10":{"total":0.0430232558,"max":0.0625,"avg":0.0505050505},"11":{"total":0.0395348837,"max":0.0401785714,"avg":0.0505050505},"12":{"total":0.0465116279,"max":0.0331349206,"avg":0.053030303},"13":{"total":0.038372093,"max":0.0386904762,"avg":0.053030303},"14":{"total":0.0453488372,"max":0.0260912698,"avg":0.0505050505},"15":{"total":0.0430232558,"max":0.0458333333,"avg":0.0505050505},"16":{"total":0.0453488372,"max":0.0532738095,"avg":0.0555555556},"17":{"total":0.0825581395,"max":0.0632936508,"avg":0.0580808081},"18":{"total":0.0813953488,"max":0.0671626984,"avg":0.0631313131},"19":{"total":0.0651162791,"max":0.0763888889,"avg":0.0656565657},"20":{"total":0.0790697674,"max":0.0702380952,"avg":0.0656565657},"21":{"total":0.0779069767,"max":0.0705357143,"avg":0.0606060606},"22":{"total":0.0488372093,"max":0.04375,"avg":0.047979798},"23":{"total":0.0372093023,"max":0.0228174603,"avg":0.0353535354}}}