{"restaurant":{"beach_score":0.0534814059,"food_score":0.1603274848,"sport_score":0.0,"school_score":0.0381913942,"hospital_score":0.0133827172,"park_score":0.0575215461},"beach":{"beach_score":0.4679002295,"food_score":0.1469079159,"sport_score":0.0,"school_score":0.0683195043,"hospital_score":0.0081033432,"park_score":0.0101296283},"park":{"beach_score":0.0409788393,"food_score":0.0716274613,"sport_score":0.0,"school_score":0.0358438655,"hospital_score":0.0210446538,"park_score":0.057355609},"stadium":{"beach_score":0.080479167,"food_score":0.092750492,"sport_score":0.0,"school_score":0.0876616059,"hospital_score":0.0164598049,"park_score":0.0209877532},"uni":{"beach_score":0.0662576108,"food_score":0.1168471667,"sport_score":0.0,"school_score":0.0494260982,"hospital_score":0.0211924278,"park_score":0.0395626849},"hospital":{"beach_score":0.042393517,"food_score":0.0936407289,"sport_score":0.0,"school_score":0.0391987844,"hospital_score":0.0069349073,"park_score":0.1780138114}}